{"gcm_sender_id":"103953800507","icons":[{"src":"/assets/siteicons/48x48.png?v=1706893280","type":"image/png","sizes":"48x48"},{"src":"/assets/siteicons/72x72.png?v=1706893280","type":"image/png","sizes":"72x72"},{"src":"/assets/siteicons/96x96.png?v=1706893279","type":"image/png","sizes":"96x96"},{"src":"/assets/siteicons/192x192.png?v=1706893279","type":"image/png","sizes":"192x192"},{"src":"/assets/siteicons/512x512.png?v=1706893280","type":"image/png","sizes":"512x512"}],"display":"standalone","start_url":"/dashboard","short_name":"Green Meteor","name":"Green Meteor","background_color":"#3F51B5","theme_color":"#3F51B5"}